{
    "demo_cnc_lathe": {
        "x_home": [
            0.45000, 0.20000, 0.40000, -180.000, 0.0, 180.000
        ],
        "x_bin_outdoor": [
            0.05900, 0.50521, 0.29854, 179.939, 0.043, 179.992
        ],
        "x_regrasp_zig_outdoor_waypoint_1": [
            0.39947, -0.49923, 0.39300, 179.140, 1.183, -179.880
        ],
        "x_regrasp_zig_outdoor_waypoint_2": [
            0.21392, -0.62456, 0.29442, -141.846, 24.897, 155.526
        ],
        "x_regrasp_zig_outdoor_waypoint_3": [
            0.21392, -0.62456, 0.11352, -141.846, 24.897, 155.526
        ],
        "x_regrasp_zig_indoor_place": [
            0.21392, -0.62456, 0.10852, -141.846, 24.897, 155.526
        ],
        "x_regrasp_zig_indoor_pick": [
            0.19121, -0.61454, 0.09442, -141.791, 24.912, 155.548
        ],
        "x_regrasp_zig_indoor_waypoint_1": [
            0.19121, -0.61454, 0.29442, -141.791, 24.912, 155.548
        ],
        "x_cnc_outdoor_waypoint": [
            0.15121, -0.57684, 0.38723, 179.136, 1.184, -179.878
        ],
        "x_cnc_outdoor": [
            -0.10789, -0.57684, 0.38723, 179.126, -0.174, -179.873
        ],
        "x_cnc_indoor": [
            -0.01707, -0.99482, 0.46307, 179.228, -0.173, -179.924
        ],
        "x_cnc_to_detach_waypoint": [
            0.47671, -0.43822, 0.38748, 179.163, 1.184, -179.878
        ],
        "x_detach_to_home_waypoint_1": [
            0.60000, 0.25000, 0.30000, -180.000, 0.0, 180.000
        ],
        "x_detach_stacking": [
            -0.74262, 0.04453, 0.03870, -175.926, 0.191, 90.928
        ],
        "workspace_grasping": [
            -0.24717, 0.45000,
            0.247196, 0.707313,
            0.0, 0.64400,
            137.0, 181.0,
            -40.0, 40.0,
            -180.1, 180.1
        ],
        "workspace_zig": [
            0.50000, 1.00000,
            0.20000, 0.90000,
            -0.0500, 0.50000,
            125.0, 181.0,
            -75.0, 75.0,
            -180.1, 180.1
        ]
    },
    "demo_cnc_milling": {
        "x_home": [
            0.02135, -0.27009, 0.26664, -179.999, 0.000, 90.000
        ],
        "x_bin_outdoor": [
            0.02087, -0.47059, 0.18000, -180.000, -0.000, 90.000
        ],
        "x_regrasp_zig_outdoor_waypoint_1": [
            0.25877, -0.27009, 0.28664, -179.999, -0.000, 90.000
        ],
        "x_regrasp_zig_outdoor_waypoint_2": [
            0.41567, -0.27009, 0.28664, 168.616, 0.000, 90.000
        ],
        "x_regrasp_zig_outdoor_waypoint_3": [
            0.41281, -0.10501, 0.25544, 134.624, -3.796, 87.636
        ],
        "x_regrasp_zig_indoor_place": [
            0.41281, -0.10501, 0.09967, 134.624, -3.796, 87.636
        ],
        "x_regrasp_zig_indoor_pick": [
            0.40467, -0.10382, 0.08544, 134.071, -1.424, 90.372
        ],
        "x_regrasp_zig_indoor_waypoint_1": [
            0.40467, -0.10382, 0.25544, 134.071, -1.424, 90.372
        ],
        "x_cnc_outdoor_waypoint": [
            0.33176, 0.06407, 0.30315, 180.000, 0.000, 135.000
        ],
        "x_cnc_outdoor": [
            0.35813, 0.21997, 0.22965, -180.000, -0.000, 135.000
        ],
        "x_cnc_indoor": [
            0.36013, 0.55513, 0.16367, 179.601, -2.639, 135.647
        ],
        "x_cnc_to_detach_waypoint": [
            -0.25594, -0.57674, 0.38710, 179.485, -0.753, 135.084
        ],
        "x_detach_to_home_waypoint_1": [
            0.40148, -0.57684, 0.49295, 179.136, 1.184, -179.878
        ],
        "x_detach_stacking": [
            -0.67300, -0.12346, 0.04268, -179.634, -3.043, -134.374
        ],
        "workspace_grasping": [
            -0.24717, 0.45000,
            0.247196, 0.707313,
            0.0, 0.64400,
            137.0, 181.0,
            -40.0, 40.0,
            -180.1, 180.1
        ],
        "workspace_zig": [
            0.50000, 1.00000,
            0.20000, 0.90000,
            -0.0500, 0.50000,
            125.0, 181.0,
            -75.0, 75.0,
            -180.1, 180.1
        ]
    },
    "demo_cnc_bolt_bush": {
        "x_home": [
            0.45000, 0.20000, 0.44148, -180.000, 0.0, 180.000
        ],
        "x_bin_outdoor": [
            0.05900, 0.50521, 0.34070, 179.939, 0.043, 179.992
        ],
        "x_regrasp_zig_outdoor_waypoint_1": [
            0.39947, -0.49923, 0.49300, 179.140, 1.183, -179.880
        ],
        "x_regrasp_zig_outdoor_waypoint_2": [
            0.38330, -0.54718, 0.25098, 161.576, 43.689, 65.308
        ],
        "x_regrasp_zig_outdoor_waypoint_3": [
            0.38330, -0.54718, 0.11598, 161.576, 43.689, 65.308
        ],
        "x_regrasp_zig_indoor_place": [
            0.38330, -0.54718, 0.11098, 161.576, 43.689, 65.308
        ],
        "x_regrasp_zig_indoor_pick": [
            0.38603, -0.54304, 0.10306, 161.572, 43.690, 65.302
        ],
        "x_regrasp_zig_indoor_waypoint_1": [
            0.38603, -0.54304, 0.20306, 161.572, 43.690, 65.302
        ],
        "x_cnc_outdoor_waypoint": [
            0.20629, -0.49918, 0.32855, 179.136, 1.184, -179.878
        ],
        "x_cnc_outdoor": [
            -0.10788, -0.57674, 0.32855, 179.483, -0.753, 135.090
        ],
        "x_cnc_indoor": [
            -0.27099, -0.98927, 0.12231, 179.581, -0.726, 135.085
        ],
        "x_cnc_to_detach_waypoint": [
            -0.31844, -0.57676, 0.33000, 179.494, -0.752, 135.082
        ],
        "x_detach_to_home_waypoint_1": [
            0.12110, -0.57695, 0.43460, 180.0, 0.0, 90.0
        ],
        "x_detach_stacking": [
            -0.49173, -0.19184, 0.03013, 180.0, 0.0, 90.0
        ],
        "workspace_grasping": [
            -0.24717, 0.45000,
            0.247196, 0.707313,
            0.0, 0.64400,
            137.0, 181.0,
            -40.0, 40.0,
            -180.1, 180.1
        ],
        "workspace_zig": [
            0.50000, 1.00000,
            0.20000, 0.90000,
            -0.0500, 0.50000,
            125.0, 181.0,
            -75.0, 75.0,
            -180.1, 180.1
        ]
    },
    "demo_pick_and_place_welding_t_joint_2f_gripper": {
        "x_home": [
            0.45041, 0.19783, 0.37208, -180.000, 0.0, 180.000
        ],
        "x_bin_outdoor_waypoint": [
            0.38905, 0.41819, 0.37203, -179.785, -0.132, 179.579
        ],
        "x_bin_outdoor": [
            0.12743, 0.43646, 0.28466, 179.804, 0.498, -97.819
        ],
        "x_detach_p2p": [
            0.63939, 0.42011, 0.30000, -179.786, -0.127, 179.576
        ],
        "x_detach_stacking": [
            0.87652, 0.31922, 0.04548, 179.887, -0.222, -88.983
        ],
        "x_detach_regrasping": [
            0.87652, 0.31922, 0.04548, 179.887, -0.222, -88.983
        ],
        "workspace_grasping": [
            -0.24717, 0.45000,
            0.247196, 0.707313,
            0.0, 0.64400,
            137.0, 181.0,
            -40.0, 40.0,
            -180.1, 180.1
        ],
        "workspace_zig": [
            0.50000, 1.00000,
            0.20000, 0.90000,
            -0.0500, 0.50000,
            125.0, 181.0,
            -75.0, 75.0,
            -180.1, 180.1
        ]
    },
    "demo_pick_and_place_welding_t_joint_vacuum_gripper": {
        "x_home": [
            0.45057, 0.19809, 0.43406, -179.785, -0.132, 179.580
        ],
        "x_bin_outdoor_waypoint": [
            0.38905, 0.41819, 0.37203, -179.785, -0.132, 179.579
        ],
        "x_bin_outdoor": [
            0.12743, 0.43646, 0.28466, 179.804, 0.498, -97.819
        ],
        "x_detach_p2p": [
            0.63939, 0.42011, 0.30000, -179.786, -0.127, 179.576
        ],
        "x_detach_stacking": [
            0.63939, 0.42011, 0.30000, -179.786, -0.127, 179.576
        ],
        "workspace_grasping": [
            -0.24717, 0.45000,
            0.247196, 0.707313,
            0.0, 0.64400,
            137.0, 181.0,
            -40.0, 40.0,
            -180.1, 180.1
        ],