{
    "stage5_teaching_pose": {
        "x_home": [
            0.44443, 0.19795, 0.38507, -179.786, -0.133, 179.580
        ],
        "x_bin_outdoor_waypoint": [
            0.38905, 0.41819, 0.37203, -179.785, -0.132, 179.579
        ],
        "x_bin_outdoor": [
            0.12743, 0.43646, 0.28466, 179.804, 0.498, -97.819
        ],
        "x_detach_p2p": [
            0.63939, 0.42011, 0.30000, -179.786, -0.127, 179.576
        ],
        "x_detach_stacking": [
            0.85772, 0.59973, 0.10510, -177.501, 44.579, -179.298
        ],
        "x_detach_regrasping": [
            0.89006, 0.59779, 0.06170, -177.501, 44.582, -179.297
        ],
        "workspace_grasping": [
            -0.24717, 0.45000,
            0.247196, 0.707313,
            0.0, 0.64400,
            137.0, 181.0,
            -40.0, 40.0,
            -180.1, 180.1
        ],
        "workspace_zig": [
            0.50000, 1.00000,
            0.20000, 0.90000,
            -0.0500, 0.50000,
            125.0, 181.0,
            -75.0, 75.0,
            -180.1, 180.1
        ]
    },
    "default": {
        "workspace_grasping": [
            -0.24717, 0.45000,
            0.247196, 0.707313,
            0.0, 0.64400,
            137.0, 181.0,
            -40.0, 40.0,
            -180.1, 180.1
        ],
        "workspace_zig": [
            0.50000, 1.00000,
            -0.20000, 0.90000,
            -0.0500, 0.50000,
            125.0, 181.0,
            -75.0, 75.0,
            -180.1, 180.1
        ],
        "workspace_reachable": [
            -1.3, 1.3,
            -1.3, 1.3,
            -1.0, 1.0,
            125.0, 181.0,
            -75.0, 75.0,
            -180.1, 180.1
        ]
    }
}