{
    "js_dof": 6,

    "_Comment_gain_1": "Joint space control gain [JS]",
    "gain_cst_p": [ 4000,  4000,  4500,  6000,  5000,  5000],
    "gain_cst_i": [15000, 12000, 10000,  8000,  8000,  8000],
    "gain_cst_d": [  110,   120,   120,    80,    80,   120],

    "gain_csp_p": [ 20,  20,  20,  15,  20,  30],
    "gain_csv_p": [150, 150, 120, 100,  70,  60],
    "gain_csv_i": [120, 100, 120, 110,  80, 100],
    "gain_csv_b": [200, 200, 200, 200, 200, 200],

    "_Comment_gain_2": "Cartesian space control gain [CS]",
    "gain_cs_p": [1800, 1800, 1800,  500,  500,  600],
    "gain_cs_i": [7000, 7000, 7000, 1000, 1000, 1000],
    "gain_cs_d": [  80,   80,   80,   40,   40,   40],

    "gain_cs_force_p": [0, 0, 0, 0, 0, 0],
    "gain_cs_force_i": [0, 0, 0, 0, 0, 0],

    "_Comment_gain_3": "Collision detection threshold [JS]",
    "lower_threshold": [-21.0, -10.0, -8.0, -4.0, -3.0, -2.0],
    "upper_threshold": [ 21.0,  10.0,  8.0,  4.0,  3.0,  2.0],

    "lower_threshold_jts": [-21.0, -10.0, -8.0, -2.0, -1.0, -1.0],
    "upper_threshold_jts": [ 21.0,  10.0,  8.0,  2.0,  1.0,  1.0],

    "_Comment_gain_4": "Hand guiding coefficient [JS]",
    "gravity_coeff" : [1.00, 0.99, 1.05, 0.80, 1.10, 1.00],
    "friction_coeff": [1.00, 1.00, 0.95, 0.95, 0.70, 0.90],

    "gravity_coeff_jts" : [1.00, 1.05, 1.07, 1.00, 1.00, 1.00],
    "friction_coeff_jts": [1.00, 0.90, 0.90, 0.90, 0.90, 0.90],

    "hg_damping": 0.00,
    "collision_sensitivity": 1.1,

    "impedance_deadzone_": [1, 1, 1, 0.2, 0.2,0.2],
    "impedance_deadzone": [0, 0, 0, 0, 0, 0],

    "_Comment_gain_5": "Friction model [JS]",
    "coulomb": [11.2, 9.8, 7.1, 5.4, 2.9, 3.6],
    "viscous": [
        [0.451,0.0103,-0.000603,1.13e-05,-7.33e-08],
        [0.612,-0.000536,-0.000191,3.42e-06,-1.92e-08],
        [0.0809,0.00552,-0.000127,1.14e-06,-3.68e-09],
        [0.264,-0.00322,5.33e-05,-4.87e-07,1.59e-09],
        [0.257,-0.00536,9.1e-05,-7.4e-07,2.21e-09],
        [0.138,-0.00105,9.56e-06,-6.93e-08,2.24e-10]
    ],

    "friction_deadzone": [0.005, 0.01, 0.005, 0.005, 0.003, 0.003],
    "number_of_elements": [2, 2, 2, 2, 2, 2],

    "jts_bias": [1967, 2087, 2116, 2056, 2044, 2079],
    "fts_bias_": [8.2, -2.92, 8.96, 0.19, 0.09, 0.09],
    "fts_bias": [0, 0, 0, 0, 0, 0],

    "w_threshold": 0.015,
    "w_init": 0.020
}
