{
    "js_dof": 6,

    "_Comment_dynamics_param_1": "Dynamics parameters",
    "dh": {
        "unit": "mm, deg",
        "a": [-2.411700895016482, -614.2645381094474, -571.0331368028444, 0.3179257000244573, -0.15178129260475268, -0.10957633664876139],
        "alpha": [90.06108279538081, 0.1303983594416301, -0.11446256383992967, 90.09462144491779, -89.89614384037603, 0.17925012270428953],
        "d": [176.9655971655791, 0.4869954305990871, 0.48699543007890916, 174.6369954302329, 119.01091809476132, 116.51481488226264],
        "theta": [0.7866107188171653, 0.11050816944128992, 0.04612028047306686, -0.02129195001972509, -0.14696814641446648, -0.06809521383110519]
    },

    "dh_ur10e_Cal": {
        "unit": "mm, deg",
        "a": [-2.411700895016482, -614.2645381094474, -571.0331368028444, 0.3179257000244573, -0.15178129260475268, -0.10957633664876139],
        "alpha": [90.06108279538081, 0.1303983594416301, -0.11446256383992967, 90.09462144491779, -89.89614384037603, 0.17925012270428953],
        "d": [176.9655971655791, 0.4869954305990871, 0.48699543007890916, 174.6369954302329, 119.01091809476132, 116.51481488226264],
        "theta": [0.7866107188171653, 0.11050816944128992, 0.04612028047306686, -0.02129195001972509, -0.14696814641446648, -0.06809521383110519]
    },

    "dh_kr0509_rpr": {
        "unit": "mm, deg",
        "a"    : [1.206188, 450.238636, 1.438596, -0.137423, -133.769404, -1.592562],
        "d"    : [145.617086, 1.045493, -8.954507, 386.701773, 1.884586, 139.275432],
        "alpha": [90.269088, 0.205248, -90.140859, 89.856407, -89.974276, -0.060162],
        "theta": [0.183185, 0.348269, -0.031521, -0.471117, 0.021610, 0.000000]
    },

    "dh_kr0509_rpr_default": {
        "unit": "mm, deg",
        "a"    : [0.0, 450.0, 0.0, 0.0, -134.0, 0.0],
        "d"    : [145.0, 0.0, -10.0, 385.0, 0.0, 142.5],
        "alpha": [90.0, 0.0, -90.0, 90.0, -90.0, 0.0],
        "theta": [0.0, 0.0, 0.0, 0.0, 0.0, 0.000000]
    },

    "dh_ur10e": {
        "unit": "mm, deg",
        "a"    : [0.0, -612.625, -573.399, 0.0, 0.0, 0.0],
        "d"    : [181.354, 0.0, 0.0, 175.425, 120.167, 116.658],
        "alpha": [90.0, 0.0, 0.0, 90.0, -90.0, 0.0],
        "theta": [0.0965, -0.1029, -0.0014, -0.048, 0.2006, -0.3298]
    },

    "dh_DS_E0509": {
        "unit": "mm, deg",
        "a"    : [0.0, 0.0, 620.0, 0.0, 0.0, 0.0],
        "d"    : [152.5, 34.5, 0.0, 559.0, 0.0, 121.0],
        "alpha": [0.0, -90.0, 0.0, 90.0, -90.0, 90.0],
        "theta": [0.0, -90.0, 90.0, 0.0, 0.0, 0.0]
    },

    "dh_sympohoney5": {
        "unit": "mm, deg",
        "a"    : [0.0, 425.0, 392.3, 0.0, 0.0, 0.0],
        "d"    : [167.0, 0.0, 0.0, 120.2, 99.6, 113.5],
        "alpha": [-90.0, 0.0, 0.0, -90.0, 90.0, 0.0],
        "theta": [0.0, -90.0, 0.0, -90.0, 0.0, 0.0]
    },

    "link_mass": {
        "unit": "g",
        "value": [7369.00, 13051.00, 3989.00, 2100.00, 1980.00, 2895.00],
        "j6, tire+10kg": 2895.00
    },

    "center_of_mass": {
        "unit": "mm",
        "value": [[21.00, 0.00, 27.00],
                  [380.00, 0.00, 158.00],
                  [240.00, 0.00, 68.00],
                  [0.00, 7.00, 18.00],
                  [0.00, 7.00, 18.00],
                  [0.00, 0.00, -26.00]],
        "j6, tire+10kg": [0.00, 0.00, -26.00]
    },

    "inertia": {
        "unit": "g*mm^2",
        "value": [[304800000.00,     20000.00,    -4250000.00,
                       20000.00,  35920000.00,       80000.00,
                     4250000.00,     80000.00,    21560000.00],

                  [ 28140000.00,     -50000.00,  -15610000.00,
                       50000.00,  770680000.00,      20000.00,
                   -15610000.00,      20000.00,  769430000.00],

                  [ 10140000.00,      80000.00,    9160000.00,
                       80000.00,  309280000.00,          0.00,
                     9160000.00,          0.00,  306460000.00],

                  [  2960000.00,     -10000.00,         -0.00,
                          -0.00,    2220000.00,    -240000.00,
                          -0.00,    -240000.00,    2580000.00],

                  [  2960000.00,     -10000.00,         -0.00,
                      -10000.00,    2220000.00,    -240000.00,
                          -0.00,    -240000.00,    2580000.00],

                  [   400000.00,          0.00,          0.00,
                           0.00,     410000.00,          0.00,
                           0.00,          0.00,    340000.00]],
        "j6, tire+10kg":
                  [   400000.00,          0.00,          0.00,
                           0.00,     410000.00,          0.00,
                           0.00,          0.00,    340000.00]
    }
}
