{
	"force1" : 
	[
		1.6096160590122235,
		0.66881607056299885,
		5.2257295429276889,
		0.064094456094370755,
		-0.38551176496929268,
		0.002386156028834682
	],
	"force10" : 
	[
		0.7940175562959868,
		4.6345964090809471,
		3.8239438370054337,
		-0.18642552174990659,
		-0.26457559842664607,
		0.36096498939303312
	],
	"force11" : 
	[
		-0.44485979154219679,
		6.1268812897108029,
		-0.34140253268636334,
		-0.33572588572980061,
		0.012420887627560041,
		0.50125787737157801
	],
	"force12" : 
	[
		4.2363887227135351,
		4.2566413020841773,
		-0.60047077699799178,
		-0.23574437022188757,
		0.19340262156709997,
		0.2799226984371665
	],
	"force13" : 
	[
		6.2969312795423589,
		-0.0026238805257571057,
		-0.95561908156164466,
		-0.0021294057824234897,
		0.27380182696433064,
		-0.084790905533903213
	],
	"force14" : 
	[
		4.5682390767962762,
		-4.0572146643847269,
		-1.4097966255524648,
		0.22981764513095515,
		0.18994395174118575,
		-0.40967485518307112
	],
	"force15" : 
	[
		-0.090021713527102698,
		-5.7644396523591359,
		-1.3133555312752934,
		0.33396374200511764,
		0.014300763952831919,
		-0.4988767878139409
	],
	"force16" : 
	[
		-1.1753712056913657,
		-4.3795997167189977,
		-5.4188120504801365,
		0.21045016798527955,
		0.26696830149393819,
		-0.35534395484563236
	],
	"force17" : 
	[
		1.9804740639480451,
		-3.1557749681586675,
		-5.440013046897894,
		0.12439912871984592,
		0.39809319040379032,
		-0.28799428257427678
	],
	"force18" : 
	[
		3.3172087160561934,
		-0.32538014044209251,
		-5.0321007302921528,
		-0.036284081509302721,
		0.45906933868233951,
		-0.058629638507961365
	],
	"force19" : 
	[
		1.8619971445533763,
		2.6394282642338953,
		-4.8712061215224347,
		-0.20519523217100064,
		0.4030294121974522,
		0.1952820618900071
	],
	"force2" : 
	[
		1.6002962538327996,
		0.63046783142003648,
		5.2492833690695333,
		0.073213850604872677,
		-0.37884642803687213,
		-0.001729385674083782
	],
	"force20" : 
	[
		-1.3542862708862069,
		3.9955667650715743,
		-4.6717373532131221,
		-0.2701696043684928,
		0.27453009468627887,
		0.3397314838795249
	],
	"force21" : 
	[
		-1.5621472795627638,
		-0.3711611530171805,
		-6.7467816484807352,
		-0.049709691747510082,
		0.37486263195297426,
		-0.013933109211815748
	],
	"force22" : 
	[
		-1.7734840826249114,
		-0.3841877703482045,
		-6.9370753386691266,
		-0.053651526987728876,
		0.36725782310124294,
		-0.014541933797504623
	],
	"force23" : 
	[
		-1.8344215996671185,
		-0.35770091692574424,
		-6.7712695795998759,
		-0.049616127593022377,
		0.36771777582855342,
		-0.0067164347347730318
	],
	"force24" : 
	[
		-1.8861701510553297,
		-0.26645567111831542,
		-6.8231232301932589,
		-0.058346864800520717,
		0.36939253063096417,
		-0.0047175373673461569
	],
	"force25" : 
	[
		-1.8417447508469986,
		-0.21936972557775716,
		-6.7687071106660728,
		-0.058134122156022261,
		0.36935161856582033,
		0.001088648597629846
	],
	"force3" : 
	[
		1.5837629263779398,
		0.5114908410182466,
		5.1573780438629235,
		0.075901101796785095,
		-0.3869840104420102,
		-0.007169370821112458
	],
	"force4" : 
	[
		1.5512780622589166,
		0.48230257921956654,
		5.2477768717063364,
		0.073583069021052452,
		-0.38638437979929741,
		-0.0073276893850965545
	],
	"force5" : 
	[
		1.3190198957908243,
		0.50695371072976925,
		5.2416795860342811,
		0.079824813817140239,
		-0.38514246906046962,
		-0.0047279738216774768
	],
	"force6" : 
	[
		1.1232566843464478,
		-3.8204877072088821,
		3.1243581404418208,
		0.27951494919297415,
		-0.27640310203332652,
		-0.35757750845332642
	],
	"force7" : 
	[
		4.296201888505645,
		-2.5429557080204046,
		3.0914802476471026,
		0.20763558111899813,
		-0.13084689422447465,
		-0.28766117508985589
	],
	"force8" : 
	[
		5.6308773087474124,
		0.25079053963568509,
		3.4323546761240125,
		0.054276226931336886,
		-0.075206405371764234,
		-0.057670889521942222
	],
	"force9" : 
	[
		4.2011014385173038,
		3.2801704346439724,
		3.6676114103903421,
		-0.12035675292153246,
		-0.13540617132048957,
		0.20784047693508181
	],
	"g1" : 
	[
		-1.8624197438266982e-05,
		-1.9741649282942379e-05,
		9.809999999962459
	],
	"g10" : 
	[
		1.2039550037071312e-05,
		6.9367167332842614,
		6.9367183135852635
	],
	"g11" : 
	[
		-0.00013036938205333572,
		9.8099999990901541,
		2.9239989976079919e-05
	],
	"g12" : 
	[
		6.9367306926975516,
		6.9367043541049469,
		-2.7005086283751899e-05
	],
	"g13" : 
	[
		9.8099999999921579,
		-9.3120987179363099e-06,
		-8.1946468721192682e-06
	],
	"g14" : 
	[
		6.9367043541288087,
		-6.9367306927214116,
		-8.1946468743512221e-06
	],
	"g15" : 
	[
		5.5872592312197468e-05,
		-9.8099999998353447,
		1.0429550562821775e-05
	],
	"g16" : 
	[
		9.3120987191376855e-06,
		-6.93671831359464,
		-6.9367167332790833
	],
	"g17" : 
	[
		4.9049959026737922,
		-4.9050052147735705,
		-6.9367167332822106
	],
	"g18" : 
	[
		6.9367183135852635,
		1.8624197437241537e-05,
		-6.9367167332697068
	],
	"g19" : 
	[
		4.9050005587181147,
		4.9049912466271746,
		-6.9367233179279832
	],
	"g2" : 
	[
		-7.3748114300204188e-06,
		5.7944833734773047e-06,
		9.809999999995517
	],
	"g20" : 
	[
		3.8571740819971894e-06,
		6.9367051442925138,
		-6.9367299025643856
	],
	"g21" : 
	[
		9.3120976577966222e-06,
		1.1174606864823673e-06,
		-9.809999999995517
	],
	"g22" : 
	[
		7.9015777871839936e-07,
		2.7128750382530806e-05,
		-9.809999999962459
	],
	"g23" : 
	[
		1.1174253286097755e-06,
		2.7936297216301011e-05,
		-9.8099999999601604
	],
	"g24" : 
	[
		-5.8603368546441233e-06,
		5.8603368546441216e-06,
		-9.8099999999964993
	],
	"g25" : 
	[
		6.8424195307194281e-23,
		-1.1174518470147248e-06,
		-9.8099999999999365
	],
	"g3" : 
	[
		-1.117451845851108e-06,
		2.7936296156763187e-05,
		9.8099999999601586
	],
	"g4" : 
	[
		-7.3748059279306081e-06,
		-5.7944903722825257e-06,
		9.809999999995517
	],
	"g5" : 
	[
		-1.8624197435857841e-05,
		-8.1946468749519141e-06,
		9.8099999999788974
	],
	"g6" : 
	[
		-6.5846536483924916e-06,
		-6.9367233179248595,
		6.9367117289472366
	],
	"g7" : 
	[
		4.9050098830899929,
		-4.904970375201084,
		6.9367314828519353
	],
	"g8" : 
	[
		6.9367167332697095,
		1.3169294802824158e-05,
		6.9367183135977655
	],
	"g9" : 
	[
		4.9049796873097051,
		4.9050191951986113,
		6.9367183135696386
	]
}