{
    "attaching_pose001": [
        -0.41642,
        0.79912,
        0.82967,
        90.285,
        -0.636,
        -179.631
    ],
    "attaching_pose002": [
        -0.41603,
        0.79971,
        0.73462,
        90.584,
        0.077,
        -179.963
    ],
    "attaching_pose003": [
        -0.41706,
        0.79961,
        0.63951,
        90.460,
        0.036,
        -179.951
    ],
    "attaching_pose004": [
        -0.41794,
        0.79860,
        0.52690,
        90.320,
        0.011,
        -179.939
    ],
    "count": 4,
    "default_attaching_pose": [
        -0.35851,
        0.72600,
        0.73173,
        90.697,
        0.163,
        179.497
    ],
    "default_detaching_pose": [
        -0.15142,
        0.78448,
        0.70658,
        89.987,
        0.002,
        -179.999
    ],
    "detaching_pose001": [
        -0.32664,
        0.82479,
        0.82843,
        90.293,
        -0.630,
        -179.633
    ],
    "detaching_pose002": [
        -0.32602,
        0.82476,
        0.73442,
        90.589,
        0.081,
        -179.965
    ],
    "detaching_pose003": [
        -0.32710,
        0.82468,
        0.63928,
        90.468,
        0.041,
        -179.953
    ],
    "detaching_pose004": [
        -0.32792,
        0.82374,
        0.52674,
        90.325,
        0.015,
        -179.945
    ]
}