{
    "attaching_pose001": [
        0.3085867,
        0.1088293,
        0.3144239,
        -105.3931,
        -16.4903,
        0.2236
    ],
    "attaching_pose002": [
        0.2825747,
        0.1345074,
        0.4021391,
        -105.6825,
        -16.4989,
        0.2336
    ],
    "attaching_pose003": [
        0.2612711,
        0.1609091,
        0.4923428,
        -105.8073,
        -16.5126,
        0.2763
    ],
    "attaching_pose004": [
        0.2380355,
        0.1855809,
        0.5809276,
        -105.8529,
        -16.5398,
        0.2898
    ],
    "count": 4,
    "default_attaching_pose": [
        0.1816697,
        0.0627374,
        0.4298147,
        -105.0831,
        -16.5914,
        -0.1106
    ],
    "default_detaching_pose": [
        0.11648,
        -0.0234125,
        0.647954,
        -15.6532,
        -16.5756,
        -0.1183
    ],
    "detaching_pose001": [
        0.2240802,
        0.1326715,
        0.2825627,
        -105.3907,
        -16.4933,
        0.2254
    ],
    "detaching_pose002": [
        0.1980969,
        0.1582284,
        0.3701689,
        -105.6822,
        -16.5014,
        0.2343
    ],
    "detaching_pose003": [
        0.1767991,
        0.1845372,
        0.4602178,
        -105.8079,
        -16.5114,
        0.2738
    ],
    "detaching_pose004": [
        0.1537033,
        0.2092098,
        0.5487854,
        -105.8487,
        -16.5396,
        0.2756
    ]
}
