{
    "count": 4,
    "is_tool_left_side": [
        true,
        true,
        true,
        true
    ],
    "default_attaching_js_position_robot_left_side": [
        287.771,
        -82.219,
        100.059,
        -196.958,
        -108.570,
        90.401
    ],
    "default_detaching_js_position_robot_left_side": [
        274.188,
        -87.664,
        92.816,
        -95.014,
        -90.200,
        94.612
    ],
    "default_attaching_js_position_robot_right_side": [
        287.771,
        -82.219,
        100.059,
        -196.958,
        -108.570,
        90.401
    ],
    "default_detaching_js_position_robot_right_side": [
        274.188,
        -87.664,
        92.816,
        -95.014,
        -90.200,
        94.612
    ],
    "attaching_js_position001": [
        290.641, -75.705, 82.273, -186.960, -109.714, 91.005
    ],
    "attaching_js_position002": [
        290.564, -73.840, 89.754, -196.703, -109.374, 90.937
    ],
    "attaching_js_position003": [
        290.905, -70.503, 95.432, -205.811, -110.972, 90.927
    ],
    "attaching_js_position004": [
        291.054, -66.540, 99.935, -212.494, -111.849, 90.457
    ],
    "tool_goal_cs_pose001": [
        0.51486, -0.41277, 0.57375, 136.0, 1.777, 2.712
    ],
    "tool_goal_cs_pose002": [
        0.51476, -0.41233, 0.47896, 136.0, 1.777, 2.712
    ],
    "tool_goal_cs_pose003": [
        0.51333, -0.41185, 0.38485, 136.0, 1.777, 2.712
    ],
    "tool_goal_cs_pose004": [
        -0.42469, -0.41336, 0.73578, -134.63974, -1.77724, -178.02709
    ],
    "tool_goal_cs_pose005": [
        -0.42469, -0.41364, 0.63986, -134.63974, -1.77724, -178.02709
    ],
    "detaching_js_position001": [
        283.064, -77.895, 85.111, -187.594, -102.136, 91.080
    ],
    "detaching_js_position002": [
        282.994, -75.877, 92.495, -197.369, -101.811, 91.063
    ],
    "detaching_js_position003": [
        283.356, -72.638, 98.482, -206.686, -103.423, 91.057
    ],
    "detaching_js_position004": [
        283.526, -68.665, 103.166, -213.640, -104.325, 90.334
    ]
}