{
    "tcp_count": 15,
    "tcp001": [
        0.0,
        -0.003,
        0.25200,
        0.0,
        0.0,
        0.0
    ],
    "tcp002": [
        0.005,
        0.005,
        0.28000,
        0.0,
        0.0,
        90.0
    ],
    "tcp003": [
        0.0,
        0.0,
        0.27900,
        0.0,
        0.0,
        90.0
    ],
    "tcp004": [
        0.003,
        0.003,
        0.21200,
        0.0,
        0.0,
        90.0
    ],
    "tcp005": [
        -0.20424,
        0.0,
        0.21964,
        0.0,
        -45.0,
        0.0
    ],
    "tcp006": [
        0.20424,
        0.0,
        0.21964,
        0.0,
        -45.0,
        180.0
    ],
    "tcp007": [
        0.0,
        0.0,
        0.06400,
        0.0,
        0.0,
        90.0
    ],
    "tcp008": [
        0.0,
        0.0,
        0.09573,
        0.0,
        0.0,
        90.0
    ],
    "tcp009": [
        0.0,
        0.0,
        0.0,
        0.0,
        0.0,
        90.0
    ],
    "tcp010": [
        0.0,
        -0.06000,
        0.29500,
        0.0,
        0.0,
        90.0
    ],
    "tcp011": [
        0.0,
        0.0,
        0.15141,
        0.0,
        0.0,
        90.0
    ],
    "tcp012": [
        0.0,
        0.0,
        0.27900,
        0.0,
        0.0,
        90.0
    ],
    "tcp013": [
        0.0,
        0.0,
        0.26600,
        0.0,
        0.0,
        90.0
    ],
    "tcp014": [
        0.0,
        0.0,
        0.31400,
        0.0,
        0.0,
        90.0
    ],
    "tcp015": [
        -0.01,
        0.0,
        0.29450,
        0.0,
        0.0,
        90.0
    ]
}
