{
    "tcp_count": 11,
    "tcp001": [
        -0.001,
        0.15037,
        0.15037,
        0.0,
        -45.0,
        -90.0
    ],
    "tcp002": [
        -0.003,
        -0.21178,
        0.20562,
        0.0,
        45.0,
        -90.0
    ],
    "tcp003": [
        0.0,
        0.12841,
        0.12649,
        -45.0,
         0.0,
        0.0
    ],
    "tcp004": [
        0.0,
        0.13100,
        0.13100,
        0.0,
        -45.0,
        -90.0
    ],
    "tcp005": [
        -0.20424,
        0.0,
        0.21964,
        0.0,
        -45.0,
        0.0
    ],
    "tcp006": [
        0.20424,
        0.0,
        0.21964,
        0.0,
        -45.0,
        180.0
    ],
    "tcp007": [
        0.0,
        0.0,
        0.0,
        0.0,
        0.0,
        0.0
    ],
    "tcp008": [
        0.0,
        0.0,
        0.09573,
        0.0,
        0.0,
        90.0
    ],
    "tcp009": [
        0.0,
        0.0,
        0.0,
        0.0,
        0.0,
        90.0
    ],
    "tcp010": [
        0.0,
        -0.06000,
        0.29500,
        0.0,
        0.0,
        90.0
    ],
    "tcp011": [
        0.0,
        -0.06788,
        0.06597,
        45.0,
        0.0,
        0.0
    ]
}
