{
    "tcp_count": 18,
    "tcp001": [
        0.0,
        0.0,
        0.25200,
        0.0,
        0.0,
        90.0
    ],
    "tcp002": [
        0.0,
        0.0,
        0.27000,
        0.0,
        0.0,
        0.0
    ],
    "tcp003": [
        0.0,
        0.0,
        0.27900,
        0.0,
        0.0,
        90.0
    ],
    "tcp004": [
        0.0,
        0.0,
        0.23600,
        0.0,
        0.0,
        90.0
    ],
    "tcp005": [
        -0.20424,
        0.0,
        0.21964,
        0.0,
        -45.0,
        0.0
    ],
    "tcp006": [
        0.20424,
        0.0,
        0.21964,
        0.0,
        -45.0,
        180.0
    ],
    "tcp007": [
        0.0,
        0.0,
        0.0,
        0.0,
        0.0,
        0.0
    ],
    "tcp008": [
        0.0,
        0.0,
        0.09573,
        0.0,
        0.0,
        90.0
    ],
    "tcp009": [
        0.0,
        0.0,
        0.0,
        0.0,
        0.0,
        90.0
    ],
    "tcp010": [
        0.0,
        -0.06000,
        0.29500,
        0.0,
        0.0,
        90.0
    ],
    "__tool_11__":"vaccum grp (scu)",
    "tcp011": [
        -0.0,
        0.0,
        0.19600,
        0.0,
        0.0,
        90.0
    ],
    "__tool_12__":"2F grp (bolt)",
    "tcp012": [
        0.0,
        0.0,
        0.24380,
        0.0,
        0.0,
        90.0
    ],
    "__tool_13__":"2F grp (striker, grill, hinge)",
    "tcp013": [
        0.0,
        0.0,
        0.23250,
        0.0,
        0.0,
        90.0
    ],
    "tcp014": [
        0.0,
        0.0,
        0.31400,
        0.0,
        0.0,
        90.0
    ],
    "tcp015": [
        -0.01,
        0.0,
        0.29450,
        0.0,
        0.0,
        90.0
    ],
    "tcp016": [
        0.0,
        0.0,
        0.15250,
        0.0,
        0.0,
        90.0
    ],
    "tcp0017": [
        0.0,
        0.0,
        0.22650,
        0.0,
        0.0,
        0.0
    ],
    "tcp017": [
        0.0,
        0.0,
        0.23500,
        0.0,
        0.0,
        90.0
    ],
    "tcp018": [
        0.0,
        0.0,
        0.22650,
        0.0,
        0.0,
        90.0
    ]
}
